"STATION","NAME","LATITUDE","LONGITUDE","ELEVATION","DATE","AWND","PGTM","TMAX","TMIN","WDF2","WDF5","WSF2","WSF5"
"USW00094728","NY CITY CENTRAL PARK, NY US","40.77898","-73.96925","42.7","2024-01-01","3.36",,"47","35","  270","  220","8.9","16.1"
"USW00094728","NY CITY CENTRAL PARK, NY US","40.77898","-73.96925","42.7","2024-01-02","4.03",,"42","29","  300","  320","10.1","16.1"
"USW00094728","NY CITY CENTRAL PARK, NY US","40.77898","-73.96925","42.7","2024-01-03","4.92",,"43","34","  300","  320","10.1","15.0"
"USW00094728","NY CITY CENTRAL PARK, NY US","40.77898","-73.96925","42.7","2024-01-04","7.61",,"45","28","  310","  300","19.9","30.0"
"USW00094728","NY CITY CENTRAL PARK, NY US","40.77898","-73.96925","42.7","2024-01-05","7.16",,"37","26","  300","  290","16.1","23.9"
"USW00094728","NY CITY CENTRAL PARK, NY US","40.77898","-73.96925","42.7","2024-01-06","6.93",,"38","31","   70","   60","23.0","35.1"
"USW00094728","NY CITY CENTRAL PARK, NY US","40.77898","-73.96925","42.7","2024-01-07","7.61",,"38","34","   50","   70","15.0","23.9"
"USW00094728","NY CITY CENTRAL PARK, NY US","40.77898","-73.96925","42.7","2024-01-08","5.14",,"45","36","  300","   20","18.1","30.0"
"USW00094728","NY CITY CENTRAL PARK, NY US","40.77898","-73.96925","42.7","2024-01-09","6.49",,"57","36","  150","  130","23.0","42.9"
"USW00094728","NY CITY CENTRAL PARK, NY US","40.77898","-73.96925","42.7","2024-01-10","8.50",,"57","44","  240","  230","21.9","36.0"
"USW00094728","NY CITY CENTRAL PARK, NY US","40.77898","-73.96925","42.7","2024-01-11","6.93",,"47","41","  240","  240","15.0","23.0"
"USW00094728","NY CITY CENTRAL PARK, NY US","40.77898","-73.96925","42.7","2024-01-12","6.93",,"50","40","   80","   20","16.1","32.0"
"USW00094728","NY CITY CENTRAL PARK, NY US","40.77898","-73.96925","42.7","2024-01-13","9.62",,"60","35","  270","  280","21.0","38.9"
"USW00094728","NY CITY CENTRAL PARK, NY US","40.77898","-73.96925","42.7","2024-01-14","8.28",,"44","26","  270","  280","25.1","36.9"
"USW00094728","NY CITY CENTRAL PARK, NY US","40.77898","-73.96925","42.7","2024-01-15","5.14",,"29","23","  280","   30","13.0","23.9"
"USW00094728","NY CITY CENTRAL PARK, NY US","40.77898","-73.96925","42.7","2024-01-16","9.17",,"32","22","   40","   30","21.0","36.0"
"USW00094728","NY CITY CENTRAL PARK, NY US","40.77898","-73.96925","42.7","2024-01-17","8.28",,"24","17","  240","   10","18.1","28.0"
"USW00094728","NY CITY CENTRAL PARK, NY US","40.77898","-73.96925","42.7","2024-01-18","6.04",,"34","22","  230","  240","16.1","25.9"
"USW00094728","NY CITY CENTRAL PARK, NY US","40.77898","-73.96925","42.7","2024-01-19","7.38",,"32","26","   40","   30","21.9","36.9"
"USW00094728","NY CITY CENTRAL PARK, NY US","40.77898","-73.96925","42.7","2024-01-20","10.74",,"26","18","  340","   10","21.0","36.0"
"USW00094728","NY CITY CENTRAL PARK, NY US","40.77898","-73.96925","42.7","2024-01-21","9.17",,"31","20","  310","  360","21.0","35.1"
"USW00094728","NY CITY CENTRAL PARK, NY US","40.77898","-73.96925","42.7","2024-01-22","7.16",,"38","25","  230","   20","15.0","21.9"
"USW00094728","NY CITY CENTRAL PARK, NY US","40.77898","-73.96925","42.7","2024-01-23","4.92",,"40","34","  340","   30","16.1","28.0"
"USW00094728","NY CITY CENTRAL PARK, NY US","40.77898","-73.96925","42.7","2024-01-24",,,"48","38","   90","   30","12.1","36.9"
"USW00094728","NY CITY CENTRAL PARK, NY US","40.77898","-73.96925","42.7","2024-01-25","4.25",,"59","46","   90","   30","13.0","23.0"
"USW00094728","NY CITY CENTRAL PARK, NY US","40.77898","-73.96925","42.7","2024-01-26","5.59",,"46","42","   50","   40","13.0","30.0"
"USW00094728","NY CITY CENTRAL PARK, NY US","40.77898","-73.96925","42.7","2024-01-27",,,"49","43","   10","   30","11.0","36.9"
"USW00094728","NY CITY CENTRAL PARK, NY US","40.77898","-73.96925","42.7","2024-01-28","9.40",,"44","37","   60","   50","25.9","44.1"
"USW00094728","NY CITY CENTRAL PARK, NY US","40.77898","-73.96925","42.7","2024-01-29","7.61",,"40","36","   30","   40","17.0","35.1"
"USW00094728","NY CITY CENTRAL PARK, NY US","40.77898","-73.96925","42.7","2024-01-30","4.70",,"38","35","   70","   70","14.1","25.9"
"USW00094728","NY CITY CENTRAL PARK, NY US","40.77898","-73.96925","42.7","2024-01-31","3.58",,"40","34","   80","   80","10.1","19.9"
"USW00094728","NY CITY CENTRAL PARK, NY US","40.77898","-73.96925","42.7","2024-02-01","3.80",,"46","37","  250","  220","12.1","19.0"
"USW00094728","NY CITY CENTRAL PARK, NY US","40.77898","-73.96925","42.7","2024-02-02","5.82",,"46","38","  360","  360","13.0","25.1"
"USW00094728","NY CITY CENTRAL PARK, NY US","40.77898","-73.96925","42.7","2024-02-03","8.28",,"43","32","   10","   10","15.0","23.9"
"USW00094728","NY CITY CENTRAL PARK, NY US","40.77898","-73.96925","42.7","2024-02-04","5.14",,"46","31","   20","   20","14.1","21.0"
"USW00094728","NY CITY CENTRAL PARK, NY US","40.77898","-73.96925","42.7","2024-02-05","7.38",,"45","32","   40","   40","17.0","35.1"
"USW00094728","NY CITY CENTRAL PARK, NY US","40.77898","-73.96925","42.7","2024-02-06","6.71",,"42","29","   40","   30","15.0","23.0"
"USW00094728","NY CITY CENTRAL PARK, NY US","40.77898","-73.96925","42.7","2024-02-07","4.25",,"48","33","   60","   50","8.9","14.1"
"USW00094728","NY CITY CENTRAL PARK, NY US","40.77898","-73.96925","42.7","2024-02-08","3.13",,"53","37","  180","  170","8.9","15.0"
"USW00094728","NY CITY CENTRAL PARK, NY US","40.77898","-73.96925","42.7","2024-02-09","4.25",,"55","43","  140","  170","10.1","21.9"
"USW00094728","NY CITY CENTRAL PARK, NY US","40.77898","-73.96925","42.7","2024-02-10","3.13",,"60","47","  220","  220","10.1","17.0"
"USW00094728","NY CITY CENTRAL PARK, NY US","40.77898","-73.96925","42.7","2024-02-11","5.82",,"56","43","  310","  290","13.0","21.9"
"USW00094728","NY CITY CENTRAL PARK, NY US","40.77898","-73.96925","42.7","2024-02-12","4.25",,"48","37","   60","   60","14.1","21.0"
"USW00094728","NY CITY CENTRAL PARK, NY US","40.77898","-73.96925","42.7","2024-02-13","8.50",,"41","33","   70","   40","17.0","27.1"
"USW00094728","NY CITY CENTRAL PARK, NY US","40.77898","-73.96925","42.7","2024-02-14","11.41",,"38","29","  300","  300","21.9","36.9"
"USW00094728","NY CITY CENTRAL PARK, NY US","40.77898","-73.96925","42.7","2024-02-15","6.04",,"39","27","  310","  320","13.0","25.1"
"USW00094728","NY CITY CENTRAL PARK, NY US","40.77898","-73.96925","42.7","2024-02-16","8.28",,"43","36","  310","  320","19.9","34.0"
"USW00094728","NY CITY CENTRAL PARK, NY US","40.77898","-73.96925","42.7","2024-02-17","7.61",,"36","27","  310","  310","15.0","29.1"
"USW00094728","NY CITY CENTRAL PARK, NY US","40.77898","-73.96925","42.7","2024-02-18","7.16",,"40","26","  240","  270","18.1","33.1"
"USW00094728","NY CITY CENTRAL PARK, NY US","40.77898","-73.96925","42.7","2024-02-19","4.92",,"41","31","  300","  300","15.0","23.9"
"USW00094728","NY CITY CENTRAL PARK, NY US","40.77898","-73.96925","42.7","2024-02-20","5.37",,"40","26","   40","   20","15.0","23.0"
"USW00094728","NY CITY CENTRAL PARK, NY US","40.77898","-73.96925","42.7","2024-02-21","4.70",,"43","30","  130","  120","12.1","18.1"
"USW00094728","NY CITY CENTRAL PARK, NY US","40.77898","-73.96925","42.7","2024-02-22","3.80",,"45","35","  130","  180","13.0","19.9"
"USW00094728","NY CITY CENTRAL PARK, NY US","40.77898","-73.96925","42.7","2024-02-23","2.91",,"47","42","  300","  290","8.9","15.0"
"USW00094728","NY CITY CENTRAL PARK, NY US","40.77898","-73.96925","42.7","2024-02-24","6.49",,"44","28","  300","  300","16.1","23.0"
"USW00094728","NY CITY CENTRAL PARK, NY US","40.77898","-73.96925","42.7","2024-02-25","4.25",,"41","23","  220","  190","13.0","21.0"
"USW00094728","NY CITY CENTRAL PARK, NY US","40.77898","-73.96925","42.7","2024-02-26","4.47",,"55","35","  220","  210","13.0","23.0"
"USW00094728","NY CITY CENTRAL PARK, NY US","40.77898","-73.96925","42.7","2024-02-27","4.92",,"55","40","  140","  200","12.1","19.9"
"USW00094728","NY CITY CENTRAL PARK, NY US","40.77898","-73.96925","42.7","2024-02-28","7.61",,"62","44","  280","  290","28.0","49.0"
"USW00094728","NY CITY CENTRAL PARK, NY US","40.77898","-73.96925","42.7","2024-02-29","10.07",,"43","31","  310","  320","23.9","42.9"
"USW00094728","NY CITY CENTRAL PARK, NY US","40.77898","-73.96925","42.7","2024-03-01","4.25",,"48","30","  140","  130","14.1","23.0"
"USW00094728","NY CITY CENTRAL PARK, NY US","40.77898","-73.96925","42.7","2024-03-02","4.47",,"55","42","  130","  100","12.1","25.1"
"USW00094728","NY CITY CENTRAL PARK, NY US","40.77898","-73.96925","42.7","2024-03-03","4.25",,"68","48","   60","  290","12.1","18.1"
"USW00094728","NY CITY CENTRAL PARK, NY US","40.77898","-73.96925","42.7","2024-03-04","5.82",,"59","46","  100","   90","13.0","21.9"
"USW00094728","NY CITY CENTRAL PARK, NY US","40.77898","-73.96925","42.7","2024-03-05","9.17",,"49","42","   60","   70","23.0","36.9"
"USW00094728","NY CITY CENTRAL PARK, NY US","40.77898","-73.96925","42.7","2024-03-06","4.70",,"53","47","   60","   60","21.0","30.0"
"USW00094728","NY CITY CENTRAL PARK, NY US","40.77898","-73.96925","42.7","2024-03-07","7.83",,"54","44","   20","   40","19.9","31.1"
"USW00094728","NY CITY CENTRAL PARK, NY US","40.77898","-73.96925","42.7","2024-03-08","5.14",,"57","40","   60","   40","15.0","23.9"
"USW00094728","NY CITY CENTRAL PARK, NY US","40.77898","-73.96925","42.7","2024-03-09","7.38",,"49","41","   90","  100","19.9","32.0"
"USW00094728","NY CITY CENTRAL PARK, NY US","40.77898","-73.96925","42.7","2024-03-10","9.62",,"51","37","  280","  270","21.9","38.0"
"USW00094728","NY CITY CENTRAL PARK, NY US","40.77898","-73.96925","42.7","2024-03-11","12.75",,"52","35","  310","  290","25.9","53.0"
"USW00094728","NY CITY CENTRAL PARK, NY US","40.77898","-73.96925","42.7","2024-03-12","6.04",,"66","43","  280","  270","15.0","27.1"
"USW00094728","NY CITY CENTRAL PARK, NY US","40.77898","-73.96925","42.7","2024-03-13","3.58",,"62","48","  140","  140","12.1","19.9"
"USW00094728","NY CITY CENTRAL PARK, NY US","40.77898","-73.96925","42.7","2024-03-14","2.46",,"74","46","  140","  130","12.1","19.9"
"USW00094728","NY CITY CENTRAL PARK, NY US","40.77898","-73.96925","42.7","2024-03-15","6.71",,"73","51","  300","  290","18.1","28.0"
"USW00094728","NY CITY CENTRAL PARK, NY US","40.77898","-73.96925","42.7","2024-03-16","4.47",,"61","47","  140","  180","13.0","23.0"
"USW00094728","NY CITY CENTRAL PARK, NY US","40.77898","-73.96925","42.7","2024-03-17","6.71",,"63","48","  280","  280","18.1","31.1"
"USW00094728","NY CITY CENTRAL PARK, NY US","40.77898","-73.96925","42.7","2024-03-18","7.38",,"51","38","  310","  320","17.0","29.1"
"USW00094728","NY CITY CENTRAL PARK, NY US","40.77898","-73.96925","42.7","2024-03-19","7.61",,"48","36","  240","  250","17.0","31.1"
"USW00094728","NY CITY CENTRAL PARK, NY US","40.77898","-73.96925","42.7","2024-03-20","6.71",,"57","34","  310","  320","21.9","38.9"
"USW00094728","NY CITY CENTRAL PARK, NY US","40.77898","-73.96925","42.7","2024-03-21","9.17",,"43","30","  280","  280","19.9","36.9"
"USW00094728","NY CITY CENTRAL PARK, NY US","40.77898","-73.96925","42.7","2024-03-22","4.92",,"46","29","  300","  280","13.0","23.0"
"USW00094728","NY CITY CENTRAL PARK, NY US","40.77898","-73.96925","42.7","2024-03-23","7.16",,"50","35","  300","  300","18.1","35.1"
"USW00094728","NY CITY CENTRAL PARK, NY US","40.77898","-73.96925","42.7","2024-03-24","7.83",,"48","31","   20","   50","16.1","25.9"
"USW00094728","NY CITY CENTRAL PARK, NY US","40.77898","-73.96925","42.7","2024-03-25","8.72",,"53","35","   60","   40","25.1","36.0"
"USW00094728","NY CITY CENTRAL PARK, NY US","40.77898","-73.96925","42.7","2024-03-26","6.04",,"53","39","   40","   60","16.1","23.9"
"USW00094728","NY CITY CENTRAL PARK, NY US","40.77898","-73.96925","42.7","2024-03-27","2.68",,"52","42","  240","  240","12.1","16.1"
"USW00094728","NY CITY CENTRAL PARK, NY US","40.77898","-73.96925","42.7","2024-03-28","4.70",,"51","44","   30","  290","13.0","19.9"
"USW00094728","NY CITY CENTRAL PARK, NY US","40.77898","-73.96925","42.7","2024-03-29","11.18",,"56","42","  300","  300","23.0","40.0"
"USW00094728","NY CITY CENTRAL PARK, NY US","40.77898","-73.96925","42.7","2024-03-30","8.50",,"62","41","  240","  280","18.1","32.0"
"USW00094728","NY CITY CENTRAL PARK, NY US","40.77898","-73.96925","42.7","2024-03-31","4.47",,"62","47","  300","  300","14.1","23.0"
"USW00094728","NY CITY CENTRAL PARK, NY US","40.77898","-73.96925","42.7","2024-04-01","2.91",,"54","49","   90","  100","10.1","16.1"
"USW00094728","NY CITY CENTRAL PARK, NY US","40.77898","-73.96925","42.7","2024-04-02","6.93",,"51","44","   50","   60","15.0","23.0"
"USW00094728","NY CITY CENTRAL PARK, NY US","40.77898","-73.96925","42.7","2024-04-03","14.09",,"45","41","   60","   40","33.1","59.1"
"USW00094728","NY CITY CENTRAL PARK, NY US","40.77898","-73.96925","42.7","2024-04-04","6.71",,"53","37","   50","   50","25.9","45.0"
"USW00094728","NY CITY CENTRAL PARK, NY US","40.77898","-73.96925","42.7","2024-04-05","8.05",,"50","38","  280","  260","16.1","30.0"
"USW00094728","NY CITY CENTRAL PARK, NY US","40.77898","-73.96925","42.7","2024-04-06","7.61",,"54","42","   20","   10","16.1","29.1"
"USW00094728","NY CITY CENTRAL PARK, NY US","40.77898","-73.96925","42.7","2024-04-07","6.49",,"60","43","   50","   40","17.0","27.1"
"USW00094728","NY CITY CENTRAL PARK, NY US","40.77898","-73.96925","42.7","2024-04-08","2.24",,"69","43","  220","  290","8.1","13.0"
"USW00094728","NY CITY CENTRAL PARK, NY US","40.77898","-73.96925","42.7","2024-04-09","2.91",,"80","55","  170","  170","12.1","19.0"
"USW00094728","NY CITY CENTRAL PARK, NY US","40.77898","-73.96925","42.7","2024-04-10","6.71",,"67","51","   50","   60","13.0","21.0"
"USW00094728","NY CITY CENTRAL PARK, NY US","40.77898","-73.96925","42.7","2024-04-11","6.26",,"61","50","  150","  170","15.0","30.0"
"USW00094728","NY CITY CENTRAL PARK, NY US","40.77898","-73.96925","42.7","2024-04-12","8.95",,"63","56","  230","  230","17.0","40.9"
"USW00094728","NY CITY CENTRAL PARK, NY US","40.77898","-73.96925","42.7","2024-04-13","11.63",,"56","47","  280","  280","23.9","44.1"
"USW00094728","NY CITY CENTRAL PARK, NY US","40.77898","-73.96925","42.7","2024-04-14","4.92",,"75","48","  230","  220","21.9","38.9"
"USW00094728","NY CITY CENTRAL PARK, NY US","40.77898","-73.96925","42.7","2024-04-15","5.37",,"82","58","   40","   50","17.0","30.0"
"USW00094728","NY CITY CENTRAL PARK, NY US","40.77898","-73.96925","42.7","2024-04-16","4.25",,"73","54","  310","  300","14.1","21.9"
"USW00094728","NY CITY CENTRAL PARK, NY US","40.77898","-73.96925","42.7","2024-04-17","6.93",,"62","50","   70","   50","15.0","21.9"
"USW00094728","NY CITY CENTRAL PARK, NY US","40.77898","-73.96925","42.7","2024-04-18","10.74",,"50","45","   60","  100","21.9","35.1"
"USW00094728","NY CITY CENTRAL PARK, NY US","40.77898","-73.96925","42.7","2024-04-19","5.14",,"60","46","   60","   50","13.0","19.0"
"USW00094728","NY CITY CENTRAL PARK, NY US","40.77898","-73.96925","42.7","2024-04-20","4.25",,"71","47","  300","  350","16.1","28.0"
"USW00094728","NY CITY CENTRAL PARK, NY US","40.77898","-73.96925","42.7","2024-04-21","5.37",,"54","42","  270","  280","14.1","21.9"
"USW00094728","NY CITY CENTRAL PARK, NY US","40.77898","-73.96925","42.7","2024-04-22","4.03",,"64","42","  300","   50","13.0","21.9"
"USW00094728","NY CITY CENTRAL PARK, NY US","40.77898","-73.96925","42.7","2024-04-23","4.92",,"65","46","  160","  170","17.0","32.0"
"USW00094728","NY CITY CENTRAL PARK, NY US","40.77898","-73.96925","42.7","2024-04-24","4.92",,"74","50","  300","  290","17.0","31.1"
"USW00094728","NY CITY CENTRAL PARK, NY US","40.77898","-73.96925","42.7","2024-04-25","5.59",,"60","43","   50","   40","18.1","28.0"
"USW00094728","NY CITY CENTRAL PARK, NY US","40.77898","-73.96925","42.7","2024-04-26","4.47",,"65","43","  140","  210","12.1","23.0"
"USW00094728","NY CITY CENTRAL PARK, NY US","40.77898","-73.96925","42.7","2024-04-27","3.13",,"64","46","  180","  170","12.1","21.9"
"USW00094728","NY CITY CENTRAL PARK, NY US","40.77898","-73.96925","42.7","2024-04-28","1.34",,"79","52","  190","  210","8.9","15.0"
"USW00094728","NY CITY CENTRAL PARK, NY US","40.77898","-73.96925","42.7","2024-04-29","3.36",,"87","63","  120","  120","12.1","25.9"
"USW00094728","NY CITY CENTRAL PARK, NY US","40.77898","-73.96925","42.7","2024-04-30","7.38",,"66","52","   50","   50","15.0","23.0"
"USW00094728","NY CITY CENTRAL PARK, NY US","40.77898","-73.96925","42.7","2024-05-01","2.91",,"80","53","  130","  120","10.1","19.9"
"USW00094728","NY CITY CENTRAL PARK, NY US","40.77898","-73.96925","42.7","2024-05-02","3.58",,"79","53","   30","   30","14.1","23.9"
"USW00094728","NY CITY CENTRAL PARK, NY US","40.77898","-73.96925","42.7","2024-05-03","5.37",,"65","52","   60","   80","15.0","21.9"
"USW00094728","NY CITY CENTRAL PARK, NY US","40.77898","-73.96925","42.7","2024-05-04","4.92",,"63","49","  120","  100","10.1","21.0"
"USW00094728","NY CITY CENTRAL PARK, NY US","40.77898","-73.96925","42.7","2024-05-05","4.70",,"54","49","  130","  130","12.1","21.9"
"USW00094728","NY CITY CENTRAL PARK, NY US","40.77898","-73.96925","42.7","2024-05-06","2.24",,"74","53","  210","  250","8.1","13.0"
"USW00094728","NY CITY CENTRAL PARK, NY US","40.77898","-73.96925","42.7","2024-05-07","3.36",,"80","59","   30","  130","12.1","19.0"
"USW00094728","NY CITY CENTRAL PARK, NY US","40.77898","-73.96925","42.7","2024-05-08","3.80",,"84","65","  240","  210","13.0","25.9"
"USW00094728","NY CITY CENTRAL PARK, NY US","40.77898","-73.96925","42.7","2024-05-09","5.82",,"70","56","  300","  120","13.0","21.0"
"USW00094728","NY CITY CENTRAL PARK, NY US","40.77898","-73.96925","42.7","2024-05-10","6.04",,"56","48","   60","   40","16.1","25.1"
"USW00094728","NY CITY CENTRAL PARK, NY US","40.77898","-73.96925","42.7","2024-05-11","3.13",,"64","47","   50","  190","13.0","25.1"
"USW00094728","NY CITY CENTRAL PARK, NY US","40.77898","-73.96925","42.7","2024-05-12","2.68",,"57","48","  250","  220","8.9","16.1"
"USW00094728","NY CITY CENTRAL PARK, NY US","40.77898","-73.96925","42.7","2024-05-13","3.80",,"65","49","  220","  250","10.1","17.0"
"USW00094728","NY CITY CENTRAL PARK, NY US","40.77898","-73.96925","42.7","2024-05-14","1.79",,"72","55","  180","  220","8.1","16.1"
"USW00094728","NY CITY CENTRAL PARK, NY US","40.77898","-73.96925","42.7","2024-05-15","7.61",,"64","59","   40","   70","17.0","33.1"
"USW00094728","NY CITY CENTRAL PARK, NY US","40.77898","-73.96925","42.7","2024-05-16","8.28",,"64","59","   50","   40","17.0","29.1"
"USW00094728","NY CITY CENTRAL PARK, NY US","40.77898","-73.96925","42.7","2024-05-17","4.47",,"72","58","   60","   60","18.1","28.0"
"USW00094728","NY CITY CENTRAL PARK, NY US","40.77898","-73.96925","42.7","2024-05-18","3.80",,"69","59","   60","   80","10.1","15.0"
"USW00094728","NY CITY CENTRAL PARK, NY US","40.77898","-73.96925","42.7","2024-05-19","4.25",,"75","56","   80","   50","13.0","19.9"
"USW00094728","NY CITY CENTRAL PARK, NY US","40.77898","-73.96925","42.7","2024-05-20","3.58",,"74","55","  150","  130","8.9","19.9"
"USW00094728","NY CITY CENTRAL PARK, NY US","40.77898","-73.96925","42.7","2024-05-21","2.91",,"83","58","  240","  110","8.9","16.1"
"USW00094728","NY CITY CENTRAL PARK, NY US","40.77898","-73.96925","42.7","2024-05-22","5.14",,"84","67","  250","  200","10.1","21.9"
"USW00094728","NY CITY CENTRAL PARK, NY US","40.77898","-73.96925","42.7","2024-05-23","2.91",,"79","67","  260","  260","12.1","23.9"
"USW00094728","NY CITY CENTRAL PARK, NY US","40.77898","-73.96925","42.7","2024-05-24","2.46",,"84","68","  280","  290","12.1","19.9"
"USW00094728","NY CITY CENTRAL PARK, NY US","40.77898","-73.96925","42.7","2024-05-25","2.46",,"81","66","  130","  340","10.1","17.0"
"USW00094728","NY CITY CENTRAL PARK, NY US","40.77898","-73.96925","42.7","2024-05-26","2.91",,"82","65","  140","  180","8.1","19.0"
"USW00094728","NY CITY CENTRAL PARK, NY US","40.77898","-73.96925","42.7","2024-05-27","2.91",,"73","66","  140","  190","12.1","25.1"
"USW00094728","NY CITY CENTRAL PARK, NY US","40.77898","-73.96925","42.7","2024-05-28","6.49",,"79","65","  300","  220","16.1","29.1"
"USW00094728","NY CITY CENTRAL PARK, NY US","40.77898","-73.96925","42.7","2024-05-29","3.58",,"76","60","  220","  220","17.0","30.0"
"USW00094728","NY CITY CENTRAL PARK, NY US","40.77898","-73.96925","42.7","2024-05-30","4.92",,"71","57","   50","   10","15.0","19.9"
"USW00094728","NY CITY CENTRAL PARK, NY US","40.77898","-73.96925","42.7","2024-05-31","4.47",,"75","59","  300","  240","12.1","21.9"
"USW00094728","NY CITY CENTRAL PARK, NY US","40.77898","-73.96925","42.7","2024-06-01","2.91",,"83","60","  290","  210","8.9","17.0"
"USW00094728","NY CITY CENTRAL PARK, NY US","40.77898","-73.96925","42.7","2024-06-02","2.46",,"81","67","  230","  230","10.1","19.0"
"USW00094728","NY CITY CENTRAL PARK, NY US","40.77898","-73.96925","42.7","2024-06-03","2.91",,"86","72","   50","   40","10.1","14.1"
"USW00094728","NY CITY CENTRAL PARK, NY US","40.77898","-73.96925","42.7","2024-06-04","2.91",,"79","65","   60","  120","8.9","16.1"
"USW00094728","NY CITY CENTRAL PARK, NY US","40.77898","-73.96925","42.7","2024-06-05","2.46",,"79","65","  130","  180","10.1","21.9"
"USW00094728","NY CITY CENTRAL PARK, NY US","40.77898","-73.96925","42.7","2024-06-06","2.01",,"81","68","  300","  310","16.1","25.1"
"USW00094728","NY CITY CENTRAL PARK, NY US","40.77898","-73.96925","42.7","2024-06-07","3.36",,"82","66","  290","  290","17.0","32.0"
"USW00094728","NY CITY CENTRAL PARK, NY US","40.77898","-73.96925","42.7","2024-06-08","5.59",,"76","63","  290","  250","15.0","28.0"
"USW00094728","NY CITY CENTRAL PARK, NY US","40.77898","-73.96925","42.7","2024-06-09","4.92",,"74","65","  300","  220","14.1","31.1"
"USW00094728","NY CITY CENTRAL PARK, NY US","40.77898","-73.96925","42.7","2024-06-10","6.04",,"75","62","  300","  310","13.0","21.9"
"USW00094728","NY CITY CENTRAL PARK, NY US","40.77898","-73.96925","42.7","2024-06-11","3.13",,"73","59","   50","   50","8.9","14.1"
"USW00094728","NY CITY CENTRAL PARK, NY US","40.77898","-73.96925","42.7","2024-06-12","2.24",,"76","61","  250","  290","8.1","13.0"
"USW00094728","NY CITY CENTRAL PARK, NY US","40.77898","-73.96925","42.7","2024-06-13","3.13",,"84","65","  220","  200","12.1","19.9"
"USW00094728","NY CITY CENTRAL PARK, NY US","40.77898","-73.96925","42.7","2024-06-14","3.36",,"85","65","  290","  290","17.0","33.1"
"USW00094728","NY CITY CENTRAL PARK, NY US","40.77898","-73.96925","42.7","2024-06-15","3.58",,"80","65","   40","   60","14.1","21.0"
"USW00094728","NY CITY CENTRAL PARK, NY US","40.77898","-73.96925","42.7","2024-06-16","5.14",,"78","63","   50","   40","13.0","19.9"
"USW00094728","NY CITY CENTRAL PARK, NY US","40.77898","-73.96925","42.7","2024-06-17","2.91",,"83","65","  220","  120","8.9","19.0"
"USW00094728","NY CITY CENTRAL PARK, NY US","40.77898","-73.96925","42.7","2024-06-18","3.13",,"86","71","  140","  200","8.9","19.0"
"USW00094728","NY CITY CENTRAL PARK, NY US","40.77898","-73.96925","42.7","2024-06-19","2.46",,"89","72","  220","  200","8.9","19.0"
"USW00094728","NY CITY CENTRAL PARK, NY US","40.77898","-73.96925","42.7","2024-06-20","3.36",,"91","72","  210","  230","8.9","17.0"
"USW00094728","NY CITY CENTRAL PARK, NY US","40.77898","-73.96925","42.7","2024-06-21","3.58",,"94","76","   60","   60","16.1","25.9"
"USW00094728","NY CITY CENTRAL PARK, NY US","40.77898","-73.96925","42.7","2024-06-22","0.89",,"93","75","  340","  340","10.1","18.1"
"USW00094728","NY CITY CENTRAL PARK, NY US","40.77898","-73.96925","42.7","2024-06-23",,,"92","73","  240","  260","12.1","29.1"
"USW00094728","NY CITY CENTRAL PARK, NY US","40.77898","-73.96925","42.7","2024-06-24",,,"80","72","  300","  300","19.9","35.1"
"USW00094728","NY CITY CENTRAL PARK, NY US","40.77898","-73.96925","42.7","2024-06-25","4.25",,"90","69","  310","  270","13.0","21.9"
"USW00094728","NY CITY CENTRAL PARK, NY US","40.77898","-73.96925","42.7","2024-06-26","4.03",,"93","70","  290","  290","21.0","46.1"
"USW00094728","NY CITY CENTRAL PARK, NY US","40.77898","-73.96925","42.7","2024-06-27","5.82",,"84","67","  300","  320","13.0","21.9"
"USW00094728","NY CITY CENTRAL PARK, NY US","40.77898","-73.96925","42.7","2024-06-28","3.58",,"79","64","   60","  130","12.1","19.9"
"USW00094728","NY CITY CENTRAL PARK, NY US","40.77898","-73.96925","42.7","2024-06-29","4.25",,"79","66","  180","  220","13.0","25.9"
"USW00094728","NY CITY CENTRAL PARK, NY US","40.77898","-73.96925","42.7","2024-06-30","4.92",,"85","70","  300","  310","15.0","23.0"
"USW00094728","NY CITY CENTRAL PARK, NY US","40.77898","-73.96925","42.7","2024-07-01","6.04",,"81","64","   40","   20","15.0","28.0"
"USW00094728","NY CITY CENTRAL PARK, NY US","40.77898","-73.96925","42.7","2024-07-02","3.13",,"86","66","   50","   50","8.9","17.0"
"USW00094728","NY CITY CENTRAL PARK, NY US","40.77898","-73.96925","42.7","2024-07-03","3.80",,"83","69","  200","  200","10.1","23.9"
"USW00094728","NY CITY CENTRAL PARK, NY US","40.77898","-73.96925","42.7","2024-07-04","2.91",,"89","70","  130","  210","8.9","18.1"
"USW00094728","NY CITY CENTRAL PARK, NY US","40.77898","-73.96925","42.7","2024-07-05","1.57",,"90","74","  150","  130","10.1","19.9"
"USW00094728","NY CITY CENTRAL PARK, NY US","40.77898","-73.96925","42.7","2024-07-06","1.34",,"92","73","  140","  120","10.1","18.1"
"USW00094728","NY CITY CENTRAL PARK, NY US","40.77898","-73.96925","42.7","2024-07-07","4.03",,"93","79","   50","  360","8.9","16.1"
"USW00094728","NY CITY CENTRAL PARK, NY US","40.77898","-73.96925","42.7","2024-07-08","2.01",,"95","77","   70","  180","8.9","15.0"
"USW00094728","NY CITY CENTRAL PARK, NY US","40.77898","-73.96925","42.7","2024-07-09","2.24",,"89","75","  230","  170","8.9","19.0"
"USW00094728","NY CITY CENTRAL PARK, NY US","40.77898","-73.96925","42.7","2024-07-10","3.13",,"91","78","  180","  180","13.0","29.1"
"USW00094728","NY CITY CENTRAL PARK, NY US","40.77898","-73.96925","42.7","2024-07-11","4.70",,"89","75","  230","  230","14.1","23.9"
"USW00094728","NY CITY CENTRAL PARK, NY US","40.77898","-73.96925","42.7","2024-07-12","1.34",,"84","72","  210","  190","8.1","15.0"
"USW00094728","NY CITY CENTRAL PARK, NY US","40.77898","-73.96925","42.7","2024-07-13","1.57",,"87","72","  130","  230","8.1","14.1"
"USW00094728","NY CITY CENTRAL PARK, NY US","40.77898","-73.96925","42.7","2024-07-14","2.46",,"90","75","  220","  220","10.1","23.9"
"USW00094728","NY CITY CENTRAL PARK, NY US","40.77898","-73.96925","42.7","2024-07-15","2.46",,"91","73","  260","  230","10.1","21.9"
"USW00094728","NY CITY CENTRAL PARK, NY US","40.77898","-73.96925","42.7","2024-07-16","3.80",,"94","78","  240","  200","14.1","29.1"
"USW00094728","NY CITY CENTRAL PARK, NY US","40.77898","-73.96925","42.7","2024-07-17","2.91",,"90","72","  240","  290","14.1","23.9"
"USW00094728","NY CITY CENTRAL PARK, NY US","40.77898","-73.96925","42.7","2024-07-18","2.68",,"86","72","  300","  290","10.1","18.1"
"USW00094728","NY CITY CENTRAL PARK, NY US","40.77898","-73.96925","42.7","2024-07-19","2.91",,"83","67","   50","   40","8.9","16.1"
"USW00094728","NY CITY CENTRAL PARK, NY US","40.77898","-73.96925","42.7","2024-07-20","2.01",,"83","71","  210","  220","12.1","19.9"
"USW00094728","NY CITY CENTRAL PARK, NY US","40.77898","-73.96925","42.7","2024-07-21","2.68",,"88","73","   60","  220","8.1","15.0"
"USW00094728","NY CITY CENTRAL PARK, NY US","40.77898","-73.96925","42.7","2024-07-22","2.68",,"84","71","  140","  130","8.9","19.0"
"USW00094728","NY CITY CENTRAL PARK, NY US","40.77898","-73.96925","42.7","2024-07-23","4.03",,"81","71","   60","   90","10.1","15.0"
"USW00094728","NY CITY CENTRAL PARK, NY US","40.77898","-73.96925","42.7","2024-07-24","4.25",,"81","73","   60","  100","10.1","17.0"
"USW00094728","NY CITY CENTRAL PARK, NY US","40.77898","-73.96925","42.7","2024-07-25","2.91",,"83","72","  270","  260","10.1","19.9"
"USW00094728","NY CITY CENTRAL PARK, NY US","40.77898","-73.96925","42.7","2024-07-26","5.14",,"84","67","   30","   60","15.0","23.9"
"USW00094728","NY CITY CENTRAL PARK, NY US","40.77898","-73.96925","42.7","2024-07-27","3.58",,"87","69","   50","   50","8.9","16.1"
"USW00094728","NY CITY CENTRAL PARK, NY US","40.77898","-73.96925","42.7","2024-07-28","3.80",,"89","70","   70","  170","12.1","15.0"
"USW00094728","NY CITY CENTRAL PARK, NY US","40.77898","-73.96925","42.7","2024-07-29","2.91",,"84","68","   60","  130","12.1","16.1"
"USW00094728","NY CITY CENTRAL PARK, NY US","40.77898","-73.96925","42.7","2024-07-30","2.91",,"88","75","  140","  170","12.1","25.1"
"USW00094728","NY CITY CENTRAL PARK, NY US","40.77898","-73.96925","42.7","2024-07-31","3.36",,"89","73","  300","  290","15.0","28.0"
"USW00094728","NY CITY CENTRAL PARK, NY US","40.77898","-73.96925","42.7","2024-08-01","2.01",,"95","76","  270","  260","8.9","16.1"
"USW00094728","NY CITY CENTRAL PARK, NY US","40.77898","-73.96925","42.7","2024-08-02","2.46",,"92","74","  140","  190","12.1","23.9"
"USW00094728","NY CITY CENTRAL PARK, NY US","40.77898","-73.96925","42.7","2024-08-03","4.03",,"93","73","  230","  200","14.1","21.9"
"USW00094728","NY CITY CENTRAL PARK, NY US","40.77898","-73.96925","42.7","2024-08-04","3.13",,"83","71","  240","  220","8.9","17.0"
"USW00094728","NY CITY CENTRAL PARK, NY US","40.77898","-73.96925","42.7","2024-08-05","2.68",,"90","73","  170","  120","8.1","19.0"
"USW00094728","NY CITY CENTRAL PARK, NY US","40.77898","-73.96925","42.7","2024-08-06","3.36",,"90","72","   50","  260","12.1","19.0"
"USW00094728","NY CITY CENTRAL PARK, NY US","40.77898","-73.96925","42.7","2024-08-07","8.28",,"72","64","   50","   40","16.1","28.0"
"USW00094728","NY CITY CENTRAL PARK, NY US","40.77898","-73.96925","42.7","2024-08-08","7.16",,"70","65","   60","  100","13.0","21.9"
"USW00094728","NY CITY CENTRAL PARK, NY US","40.77898","-73.96925","42.7","2024-08-09","6.04",,"80","70","  160","  200","15.0","32.0"
"USW00094728","NY CITY CENTRAL PARK, NY US","40.77898","-73.96925","42.7","2024-08-10","4.47",,"85","73","  270","  270","12.1","19.9"
"USW00094728","NY CITY CENTRAL PARK, NY US","40.77898","-73.96925","42.7","2024-08-11","2.91",,"80","69","  300","  300","12.1","19.9"
"USW00094728","NY CITY CENTRAL PARK, NY US","40.77898","-73.96925","42.7","2024-08-12","3.36",,"81","66","  350","  360","13.0","21.0"
"USW00094728","NY CITY CENTRAL PARK, NY US","40.77898","-73.96925","42.7","2024-08-13","3.58",,"81","64","  300","  300","13.0","19.9"
"USW00094728","NY CITY CENTRAL PARK, NY US","40.77898","-73.96925","42.7","2024-08-14","3.13",,"85","67","   90","   90","15.0","21.9"
"USW00094728","NY CITY CENTRAL PARK, NY US","40.77898","-73.96925","42.7","2024-08-15","0.89",,"86","68","  290","   10","8.1","13.0"
"USW00094728","NY CITY CENTRAL PARK, NY US","40.77898","-73.96925","42.7","2024-08-16","3.13",,"87","70","  130","  140","8.9","18.1"
"USW00094728","NY CITY CENTRAL PARK, NY US","40.77898","-73.96925","42.7","2024-08-17","3.58",,"79","67","  130","  120","10.1","19.9"
"USW00094728","NY CITY CENTRAL PARK, NY US","40.77898","-73.96925","42.7","2024-08-18","3.13",,"81","69","  290","  230","13.0","25.1"
"USW00094728","NY CITY CENTRAL PARK, NY US","40.77898","-73.96925","42.7","2024-08-19","2.91",,"84","68","  300","  300","14.1","23.9"
"USW00094728","NY CITY CENTRAL PARK, NY US","40.77898","-73.96925","42.7","2024-08-20","5.82",,"72","61","  290","  300","13.0","21.9"
"USW00094728","NY CITY CENTRAL PARK, NY US","40.77898","-73.96925","42.7","2024-08-21","5.82",,"73","57","  310","  280","13.0","23.9"
"USW00094728","NY CITY CENTRAL PARK, NY US","40.77898","-73.96925","42.7","2024-08-22","3.36",,"76","59","  300","  280","13.0","19.0"
"USW00094728","NY CITY CENTRAL PARK, NY US","40.77898","-73.96925","42.7","2024-08-23","2.68",,"80","62","  280","  280","12.1","19.0"
"USW00094728","NY CITY CENTRAL PARK, NY US","40.77898","-73.96925","42.7","2024-08-24","1.34",,"83","65","  220","  220","8.1","14.1"
"USW00094728","NY CITY CENTRAL PARK, NY US","40.77898","-73.96925","42.7","2024-08-25","2.68",,"85","68","  230","  230","10.1","16.1"
"USW00094728","NY CITY CENTRAL PARK, NY US","40.77898","-73.96925","42.7","2024-08-26","2.24",,"85","69","   50","   40","12.1","16.1"
"USW00094728","NY CITY CENTRAL PARK, NY US","40.77898","-73.96925","42.7","2024-08-27","2.46",,"86","67","  230","  230","10.1","19.0"
"USW00094728","NY CITY CENTRAL PARK, NY US","40.77898","-73.96925","42.7","2024-08-28","4.92",,"91","74","   50","   80","14.1","21.0"
"USW00094728","NY CITY CENTRAL PARK, NY US","40.77898","-73.96925","42.7","2024-08-29","6.49",,"82","70","   60","   80","16.1","23.9"
"USW00094728","NY CITY CENTRAL PARK, NY US","40.77898","-73.96925","42.7","2024-08-30","5.37",,"74","61","   70","   60","12.1","19.9"
"USW00094728","NY CITY CENTRAL PARK, NY US","40.77898","-73.96925","42.7","2024-08-31","2.01"," 1804","77","67","  130","  180","8.1","15.0"
"USW00094728","NY CITY CENTRAL PARK, NY US","40.77898","-73.96925","42.7","2024-09-01","2.68",,"81","73","  240","  280","8.9","14.1"
"USW00094728","NY CITY CENTRAL PARK, NY US","40.77898","-73.96925","42.7","2024-09-02","4.47",,"79","63","  330","  250","12.1","23.0"
"USW00094728","NY CITY CENTRAL PARK, NY US","40.77898","-73.96925","42.7","2024-09-03","4.03",,"74","58","   30","   20","14.1","21.0"
"USW00094728","NY CITY CENTRAL PARK, NY US","40.77898","-73.96925","42.7","2024-09-04","2.01",,"77","59","   50","   60","10.1","14.1"
"USW00094728","NY CITY CENTRAL PARK, NY US","40.77898","-73.96925","42.7","2024-09-05","4.47",,"77","61","   70","   50","13.0","19.0"
"USW00094728","NY CITY CENTRAL PARK, NY US","40.77898","-73.96925","42.7","2024-09-06","3.36",,"78","63","   60","  200","13.0","19.9"
"USW00094728","NY CITY CENTRAL PARK, NY US","40.77898","-73.96925","42.7","2024-09-07","3.36",,"76","59","  300","  250","12.1","23.0"
"USW00094728","NY CITY CENTRAL PARK, NY US","40.77898","-73.96925","42.7","2024-09-08","4.92",,"69","55","  250","  240","14.1","25.1"
"USW00094728","NY CITY CENTRAL PARK, NY US","40.77898","-73.96925","42.7","2024-09-09","2.46",,"75","55","  250","  250","10.1","19.9"
"USW00094728","NY CITY CENTRAL PARK, NY US","40.77898","-73.96925","42.7","2024-09-10","4.25",,"78","62","  300","  300","8.9","15.0"
"USW00094728","NY CITY CENTRAL PARK, NY US","40.77898","-73.96925","42.7","2024-09-11","2.24",,"79","59","   50","   60","8.1","12.1"
"USW00094728","NY CITY CENTRAL PARK, NY US","40.77898","-73.96925","42.7","2024-09-12","1.79",,"80","62","  140","  120","8.9","16.1"
"USW00094728","NY CITY CENTRAL PARK, NY US","40.77898","-73.96925","42.7","2024-09-13","1.34",,"82","63","   60","  110","6.9","14.1"
"USW00094728","NY CITY CENTRAL PARK, NY US","40.77898","-73.96925","42.7","2024-09-14","2.68",,"83","65","   50","   40","12.1","17.0"
"USW00094728","NY CITY CENTRAL PARK, NY US","40.77898","-73.96925","42.7","2024-09-15","4.70",,"80","63","   50","   40","13.0","18.1"
"USW00094728","NY CITY CENTRAL PARK, NY US","40.77898","-73.96925","42.7","2024-09-16","5.14",,"77","60","   50","   60","12.1","17.0"
"USW00094728","NY CITY CENTRAL PARK, NY US","40.77898","-73.96925","42.7","2024-09-17","4.70",,"79","65","   60","  110","8.9","15.0"
"USW00094728","NY CITY CENTRAL PARK, NY US","40.77898","-73.96925","42.7","2024-09-18","6.49",,"75","67","   60","   70","13.0","21.9"
"USW00094728","NY CITY CENTRAL PARK, NY US","40.77898","-73.96925","42.7","2024-09-19","5.37",,"84","67","   60","   60","13.0","19.9"
"USW00094728","NY CITY CENTRAL PARK, NY US","40.77898","-73.96925","42.7","2024-09-20","6.71",,"81","67","   50","   50","17.0","21.9"
"USW00094728","NY CITY CENTRAL PARK, NY US","40.77898","-73.96925","42.7","2024-09-21","6.71",,"79","63","   50","   50","13.0","19.9"
"USW00094728","NY CITY CENTRAL PARK, NY US","40.77898","-73.96925","42.7","2024-09-22","6.04",,"74","61","   60","   50","14.1","25.9"
"USW00094728","NY CITY CENTRAL PARK, NY US","40.77898","-73.96925","42.7","2024-09-23","5.82",,"67","59","   60","   50","16.1","21.9"
"USW00094728","NY CITY CENTRAL PARK, NY US","40.77898","-73.96925","42.7","2024-09-24","5.59",,"68","59","   70","   70","13.0","18.1"
"USW00094728","NY CITY CENTRAL PARK, NY US","40.77898","-73.96925","42.7","2024-09-25",,,"68","62",,,,
"USW00094728","NY CITY CENTRAL PARK, NY US","40.77898","-73.96925","42.7","2024-09-26","2.01"," 1058","74","64","  100","  180","8.1","13.0"
"USW00094728","NY CITY CENTRAL PARK, NY US","40.77898","-73.96925","42.7","2024-09-27","4.03"," 0210","74","63","   70","   50","14.1","23.0"
"USW00094728","NY CITY CENTRAL PARK, NY US","40.77898","-73.96925","42.7","2024-09-28","8.72"," 1703","68","61","   60","   60","17.0","25.9"
"USW00094728","NY CITY CENTRAL PARK, NY US","40.77898","-73.96925","42.7","2024-09-29","5.82"," 0258","63","60","   50","   80","12.1","21.9"
"USW00094728","NY CITY CENTRAL PARK, NY US","40.77898","-73.96925","42.7","2024-09-30","5.14"," 1307","72","60","   60","   70","14.1","21.0"
"USW00094728","NY CITY CENTRAL PARK, NY US","40.77898","-73.96925","42.7","2024-10-01","6.26",,"69","60","   60","   60","14.1","21.9"
"USW00094728","NY CITY CENTRAL PARK, NY US","40.77898","-73.96925","42.7","2024-10-02","4.25",,"68","58","   60","   60","12.1","17.0"
"USW00094728","NY CITY CENTRAL PARK, NY US","40.77898","-73.96925","42.7","2024-10-03","0.89",,"72","62","  140","  130","6.9","13.0"
"USW00094728","NY CITY CENTRAL PARK, NY US","40.77898","-73.96925","42.7","2024-10-04","1.12",,"73","60","  130","  120","6.9","15.0"
"USW00094728","NY CITY CENTRAL PARK, NY US","40.77898","-73.96925","42.7","2024-10-05","4.25",,"75","61","   50","   70","12.1","21.0"
"USW00094728","NY CITY CENTRAL PARK, NY US","40.77898","-73.96925","42.7","2024-10-06","2.46",,"71","55","  240","  240","8.9","19.9"
"USW00094728","NY CITY CENTRAL PARK, NY US","40.77898","-73.96925","42.7","2024-10-07","5.59",,"75","58","  300","  320","13.0","23.0"
"USW00094728","NY CITY CENTRAL PARK, NY US","40.77898","-73.96925","42.7","2024-10-08","2.91",,"68","53","  320","  310","12.1","18.1"
"USW00094728","NY CITY CENTRAL PARK, NY US","40.77898","-73.96925","42.7","2024-10-09","3.58",,"68","54","  310","  310","15.0","23.9"
"USW00094728","NY CITY CENTRAL PARK, NY US","40.77898","-73.96925","42.7","2024-10-10","6.26",,"62","49","  300","  300","14.1","23.9"
"USW00094728","NY CITY CENTRAL PARK, NY US","40.77898","-73.96925","42.7","2024-10-11","4.25",,"68","46","  230","  240","12.1","23.9"
"USW00094728","NY CITY CENTRAL PARK, NY US","40.77898","-73.96925","42.7","2024-10-12","4.92",,"74","56","  300","  310","15.0","28.0"
"USW00094728","NY CITY CENTRAL PARK, NY US","40.77898","-73.96925","42.7","2024-10-13","4.92",,"69","55","   60","   90","12.1","19.0"
"USW00094728","NY CITY CENTRAL PARK, NY US","40.77898","-73.96925","42.7","2024-10-14","6.04",,"66","48","  280","  280","18.1","35.1"
"USW00094728","NY CITY CENTRAL PARK, NY US","40.77898","-73.96925","42.7","2024-10-15","5.82",,"57","45","  300","  270","13.0","23.9"
"USW00094728","NY CITY CENTRAL PARK, NY US","40.77898","-73.96925","42.7","2024-10-16","6.26",,"59","44","  300","  260","15.0","23.0"
"USW00094728","NY CITY CENTRAL PARK, NY US","40.77898","-73.96925","42.7","2024-10-17","5.14",,"58","43","   40","  360","14.1","21.0"
"USW00094728","NY CITY CENTRAL PARK, NY US","40.77898","-73.96925","42.7","2024-10-18","4.25",,"66","48","   50","   50","13.0","21.9"
"USW00094728","NY CITY CENTRAL PARK, NY US","40.77898","-73.96925","42.7","2024-10-19","1.34",,"71","50","  270","  340","6.0","10.1"
"USW00094728","NY CITY CENTRAL PARK, NY US","40.77898","-73.96925","42.7","2024-10-20","1.57",,"73","52","  250","  240","6.9","13.0"
"USW00094728","NY CITY CENTRAL PARK, NY US","40.77898","-73.96925","42.7","2024-10-21","2.68",,"79","57","  290","  220","8.1","12.1"
"USW00094728","NY CITY CENTRAL PARK, NY US","40.77898","-73.96925","42.7","2024-10-22","1.34",,"81","62","  130","  120","8.1","13.0"
"USW00094728","NY CITY CENTRAL PARK, NY US","40.77898","-73.96925","42.7","2024-10-23","2.01",,"75","59","  210","  200","10.1","19.9"
"USW00094728","NY CITY CENTRAL PARK, NY US","40.77898","-73.96925","42.7","2024-10-24","4.92",,"69","53","  350","   10","13.0","21.0"
"USW00094728","NY CITY CENTRAL PARK, NY US","40.77898","-73.96925","42.7","2024-10-25","2.91",,"62","46","   40","   40","12.1","21.9"
"USW00094728","NY CITY CENTRAL PARK, NY US","40.77898","-73.96925","42.7","2024-10-26","5.37",,"64","51","  310","  300","17.0","31.1"
"USW00094728","NY CITY CENTRAL PARK, NY US","40.77898","-73.96925","42.7","2024-10-27","2.91",,"57","45","  300","  280","13.0","21.0"
"USW00094728","NY CITY CENTRAL PARK, NY US","40.77898","-73.96925","42.7","2024-10-28","2.91",,"61","46","  130","  120","8.1","14.1"
"USW00094728","NY CITY CENTRAL PARK, NY US","40.77898","-73.96925","42.7","2024-10-29","3.13",,"63","52","  120","  130","13.0","23.0"
"USW00094728","NY CITY CENTRAL PARK, NY US","40.77898","-73.96925","42.7","2024-10-30","3.36",,"76","58","  250","  260","8.9","17.0"
"USW00094728","NY CITY CENTRAL PARK, NY US","40.77898","-73.96925","42.7","2024-10-31","3.80",,"81","61","  210","  240","12.1","19.9"
"USW00094728","NY CITY CENTRAL PARK, NY US","40.77898","-73.96925","42.7","2024-11-01","6.26",,"79","57","  270","  240","16.1","32.0"
"USW00094728","NY CITY CENTRAL PARK, NY US","40.77898","-73.96925","42.7","2024-11-02","4.25",,"60","47","  300","  310","13.0","18.1"
"USW00094728","NY CITY CENTRAL PARK, NY US","40.77898","-73.96925","42.7","2024-11-03","5.14",,"54","41","   50","   60","14.1","19.9"
"USW00094728","NY CITY CENTRAL PARK, NY US","40.77898","-73.96925","42.7","2024-11-04","4.03",,"58","44","  140","  110","8.9","17.0"
"USW00094728","NY CITY CENTRAL PARK, NY US","40.77898","-73.96925","42.7","2024-11-05","3.36",,"73","54","  220","  240","12.1","21.9"
"USW00094728","NY CITY CENTRAL PARK, NY US","40.77898","-73.96925","42.7","2024-11-06","4.03",,"80","64","  250","  210","12.1","21.9"
"USW00094728","NY CITY CENTRAL PARK, NY US","40.77898","-73.96925","42.7","2024-11-07","5.14",,"73","54","  310","  320","16.1","25.9"
"USW00094728","NY CITY CENTRAL PARK, NY US","40.77898","-73.96925","42.7","2024-11-08","5.37",,"69","50","  300","  310","19.9","36.9"
"USW00094728","NY CITY CENTRAL PARK, NY US","40.77898","-73.96925","42.7","2024-11-09","4.25",,"54","43","  300","  290","14.1","28.0"
"USW00094728","NY CITY CENTRAL PARK, NY US","40.77898","-73.96925","42.7","2024-11-10","3.36",,"58","45","  250","  250","13.0","19.9"
"USW00094728","NY CITY CENTRAL PARK, NY US","40.77898","-73.96925","42.7","2024-11-11","6.49",,"68","55","  230","  210","16.1","30.0"
"USW00094728","NY CITY CENTRAL PARK, NY US","40.77898","-73.96925","42.7","2024-11-12","9.62",,"59","41","  300","  300","21.0","36.0"
"USW00094728","NY CITY CENTRAL PARK, NY US","40.77898","-73.96925","42.7","2024-11-13","6.26",,"50","37","   50","   60","16.1","23.0"
"USW00094728","NY CITY CENTRAL PARK, NY US","40.77898","-73.96925","42.7","2024-11-14","4.70",,"47","37","   60","   90","14.1","23.0"
"USW00094728","NY CITY CENTRAL PARK, NY US","40.77898","-73.96925","42.7","2024-11-15","4.92",,"58","41","  300","  300","16.1","23.9"
"USW00094728","NY CITY CENTRAL PARK, NY US","40.77898","-73.96925","42.7","2024-11-16","8.50",,"62","45","  300","  300","16.1","31.1"
"USW00094728","NY CITY CENTRAL PARK, NY US","40.77898","-73.96925","42.7","2024-11-17","4.70",,"63","44","  300","  300","13.0","21.0"
"USW00094728","NY CITY CENTRAL PARK, NY US","40.77898","-73.96925","42.7","2024-11-18","4.25",,"66","49","  300","  290","16.1","28.0"
"USW00094728","NY CITY CENTRAL PARK, NY US","40.77898","-73.96925","42.7","2024-11-19","2.24",,"60","47","  300","  320","10.1","18.1"
"USW00094728","NY CITY CENTRAL PARK, NY US","40.77898","-73.96925","42.7","2024-11-20","2.91",,"60","53","  100","  100","18.1","34.0"
"USW00094728","NY CITY CENTRAL PARK, NY US","40.77898","-73.96925","42.7","2024-11-21","6.93",,"54","37","   50","   60","15.0","23.9"
"USW00094728","NY CITY CENTRAL PARK, NY US","40.77898","-73.96925","42.7","2024-11-22","6.04",,"40","37","  230","  230","16.1","32.0"
"USW00094728","NY CITY CENTRAL PARK, NY US","40.77898","-73.96925","42.7","2024-11-23","8.28",,"49","37","  290","  280","21.0","38.9"
"USW00094728","NY CITY CENTRAL PARK, NY US","40.77898","-73.96925","42.7","2024-11-24","9.84",,"53","44","  280","  270","19.9","32.0"
"USW00094728","NY CITY CENTRAL PARK, NY US","40.77898","-73.96925","42.7","2024-11-25","3.13",,"54","41","  290","  260","10.1","18.1"
"USW00094728","NY CITY CENTRAL PARK, NY US","40.77898","-73.96925","42.7","2024-11-26","4.70",,"58","46","  310","  310","14.1","25.9"
"USW00094728","NY CITY CENTRAL PARK, NY US","40.77898","-73.96925","42.7","2024-11-27","4.47",,"52","43","  230","  220","12.1","19.0"
"USW00094728","NY CITY CENTRAL PARK, NY US","40.77898","-73.96925","42.7","2024-11-28","5.59",,"49","42","  270","  300","16.1","32.0"
"USW00094728","NY CITY CENTRAL PARK, NY US","40.77898","-73.96925","42.7","2024-11-29","5.82",,"47","34","  280","  240","15.0","23.9"
"USW00094728","NY CITY CENTRAL PARK, NY US","40.77898","-73.96925","42.7","2024-11-30","7.61",,"39","30","  270","  270","14.1","25.1"
"USW00094728","NY CITY CENTRAL PARK, NY US","40.77898","-73.96925","42.7","2024-12-01","7.38",,"38","27","  230","  230","17.0","35.1"
"USW00094728","NY CITY CENTRAL PARK, NY US","40.77898","-73.96925","42.7","2024-12-02","5.37"," 1532","39","29","  300","  310","13.0","21.9"
"USW00094728","NY CITY CENTRAL PARK, NY US","40.77898","-73.96925","42.7","2024-12-03","6.04"," 1945","42","32","  310","  300","16.1","25.9"
"USW00094728","NY CITY CENTRAL PARK, NY US","40.77898","-73.96925","42.7","2024-12-04","4.47"," 1945","42","30","  190","  210","16.1","32.0"
"USW00094728","NY CITY CENTRAL PARK, NY US","40.77898","-73.96925","42.7","2024-12-05","8.50"," 1357","40","31","  280","  280","21.0","40.0"
"USW00094728","NY CITY CENTRAL PARK, NY US","40.77898","-73.96925","42.7","2024-12-06","8.50"," 0327","34","30","  310","  320","18.1","36.9"
"USW00094728","NY CITY CENTRAL PARK, NY US","40.77898","-73.96925","42.7","2024-12-07","7.61"," 2140","41","31","  290","  230","14.1","23.9"
"USW00094728","NY CITY CENTRAL PARK, NY US","40.77898","-73.96925","42.7","2024-12-08","6.04"," 0045","55","38","  220","  240","15.0","27.1"
"USW00094728","NY CITY CENTRAL PARK, NY US","40.77898","-73.96925","42.7","2024-12-09","3.58"," 1448","51","44","   60","   70","10.1","15.0"
"USW00094728","NY CITY CENTRAL PARK, NY US","40.77898","-73.96925","42.7","2024-12-10","5.59"," 1526","50","44","   80","   80","12.1","18.1"
"USW00094728","NY CITY CENTRAL PARK, NY US","40.77898","-73.96925","42.7","2024-12-11","6.49"," 2341","60","41","  280","  260","18.1","30.0"
"USW00094728","NY CITY CENTRAL PARK, NY US","40.77898","-73.96925","42.7","2024-12-12","9.40"," 1106","41","29","  240","  230","23.0","38.9"
"USW00094728","NY CITY CENTRAL PARK, NY US","40.77898","-73.96925","42.7","2024-12-13",," 0951","33","27","  310","  310","15.0","23.0"
"USW00094728","NY CITY CENTRAL PARK, NY US","40.77898","-73.96925","42.7","2024-12-14","4.92"," 1013","34","26","   50","   50","14.1","19.9"
"USW00094728","NY CITY CENTRAL PARK, NY US","40.77898","-73.96925","42.7","2024-12-15","5.14"," 1055","41","28","   60","   50","12.1","17.0"
"USW00094728","NY CITY CENTRAL PARK, NY US","40.77898","-73.96925","42.7","2024-12-16","5.14"," 1135","52","38","  100","  100","12.1","21.9"
"USW00094728","NY CITY CENTRAL PARK, NY US","40.77898","-73.96925","42.7","2024-12-17","5.14"," 1417","59","49","  240","  260","14.1","23.0"
"USW00094728","NY CITY CENTRAL PARK, NY US","40.77898","-73.96925","42.7","2024-12-18","2.68"," 1502","53","42","  300","  130","8.9","16.1"
"USW00094728","NY CITY CENTRAL PARK, NY US","40.77898","-73.96925","42.7","2024-12-19","6.71"," 0337","45","37","  300","  300","16.1","29.1"
"USW00094728","NY CITY CENTRAL PARK, NY US","40.77898","-73.96925","42.7","2024-12-20","8.50"," 1221","37","33","   60","   70","19.9","28.0"
"USW00094728","NY CITY CENTRAL PARK, NY US","40.77898","-73.96925","42.7","2024-12-21","10.51"," 1607","33","19","  310","  280","21.9","44.1"
"USW00094728","NY CITY CENTRAL PARK, NY US","40.77898","-73.96925","42.7","2024-12-22",," 0930","21","13","  300","  300","17.0","29.1"
"USW00094728","NY CITY CENTRAL PARK, NY US","40.77898","-73.96925","42.7","2024-12-23","3.13"," 2354","31","13","  220","  220","12.1","19.0"
"USW00094728","NY CITY CENTRAL PARK, NY US","40.77898","-73.96925","42.7","2024-12-24","4.92"," 0633","39","28","  220","  230","13.0","21.0"
"USW00094728","NY CITY CENTRAL PARK, NY US","40.77898","-73.96925","42.7","2024-12-25","3.80"," 0959","35","28","  300","   20","12.1","17.0"
"USW00094728","NY CITY CENTRAL PARK, NY US","40.77898","-73.96925","42.7","2024-12-26","3.13"," 0940","36","24","   40","  320","6.9","11.0"
"USW00094728","NY CITY CENTRAL PARK, NY US","40.77898","-73.96925","42.7","2024-12-27","1.12"," 2308","44","26","  250","  240","8.1","15.0"
"USW00094728","NY CITY CENTRAL PARK, NY US","40.77898","-73.96925","42.7","2024-12-28","1.34"," 0046","54","40","  220","  220","8.1","12.1"
"USW00094728","NY CITY CENTRAL PARK, NY US","40.77898","-73.96925","42.7","2024-12-29","4.70"," 2051","60","50","  160","  170","14.1","25.9"
"USW00094728","NY CITY CENTRAL PARK, NY US","40.77898","-73.96925","42.7","2024-12-30","6.49"," 1224","58","49","  240","  240","16.1","30.0"
"USW00094728","NY CITY CENTRAL PARK, NY US","40.77898","-73.96925","42.7","2024-12-31","5.14"," 2133","53","44","   60","   60","16.1","23.9"